{
	"timeSettings": {
		"sunriseLen": 1,
		"dayLen": 5,
		"sunsetLen": 1,
		"nightLen": 5
	},
	"sun": {
		"diskColor": [1.0, 1.0, 0.0, 1.0],
		"diskFactor": 0.8,
		"diskSize": 0.002,
		"glowColor": [1.0, 0.7, 0.3, 1.0],
		"glowFactor": 0.2,
		"glowShaprness": 64
	},
	"moon": {
		"diskColor": [0.8, 0.9, 1.0, 1.0],
		"diskFactor": 1.0,
		"diskSize": 0.0005,
		"glowColor": [0.2, 0.2, 0.9, 1.0],
		"glowFactor": 0.2,
		"glowShaprness": 128
	},
	"gradientStop0": {
		"sunriseCol": [1, 0.27451, 0.27451, 1],
		"dayLowCol": [0.615686, 0.615686, 0.972549, 1],
		"dayHighCol": [0.188235, 0.188235, 1, 1],
		"sunsetCol": [1, 0.27451, 0.27451, 1],
		"nightLowCol": [0, 0.0117647, 0.156863, 1],
		"nightHighCol": [0, 0, 0.176471, 1]
	},
	"gradientStop1": {
		"sunriseCol": [0.952941, 0.329412, 0.184314, 1],
		"dayLowCol": [0.803922, 0.94902, 1, 1],
		"dayHighCol": [0, 0.886275, 1, 1],
		"sunsetCol": [0.952941, 0.329412, 0.184314, 1],
		"nightLowCol": [0.184314, 0, 0.364706, 1],
		"nightHighCol": [0, 0.12549, 0.364706, 1]
	},
	"gradientStop2": {
		"sunriseCol": [1, 0.94902, 0.282353, 1],
		"dayLowCol": [0.713726, 0.784314, 0.996078, 1],
		"dayHighCol": [0, 0.666667, 1, 1],
		"sunsetCol": [1, 0.94902, 0.282353, 1],
		"nightLowCol": [0, 0.14902, 0.380392, 1],
		"nightHighCol": [0, 0, 0.439216, 1]
	},
	"gradientStop3": {
		"sunriseCol": [0.286275, 0.694118, 0.980392, 1],
		"dayLowCol": [0.878431, 0.878431, 1, 1],
		"dayHighCol": [0.258824, 0.764706, 1, 1],
		"sunsetCol": [0.286275, 0.694118, 0.980392, 1],
		"nightLowCol": [0.290196, 0, 0.34902, 1],
		"nightHighCol": [0, 0, 0.168627, 1]
	}
}
